Source File	Size	loadResources	load	generateSnapshots	load-configure	scan	loadDepInfo	loadInfo	checkR4R4B	generateNarratives	validate	loadLists	checkConformanceResources	checkConformanceResources2	checkConformanceResources3	generateLogicalMaps	validateExpressions	scanForUsageStats	checkURLsUnique	processProvenanceDetails	generate1	generate2	generateLogicals	makeDependencies	generateExampleZip	generateValidationPack	scanProfilesForR5	scanExamplesForR5
\fsh-generated\resources\ImplementationGuide-kbv.mio.west.json	49363	-	0	0	0	0	0	0	14	129	0	0	0	0	0	0	0	1	0	0	341	289	0	0	0	6	0	1
fsh-generated/resources/Condition-67796ba0-61d0-4120-9d31-f9690fd88eaa.json	2115	3	0	0	1	0	0	0	0	1	0	0	0	0	0	0	0	0	0	0	31	150	0	0	0	0	0	0
fsh-generated/resources/Condition-8d84156a-fe2b-4eb8-b87e-57fe51b641d0.json	3736	2	0	0	1	0	0	0	1	0	0	0	0	0	0	0	0	0	0	0	33	67	0	0	0	0	0	0
fsh-generated/resources/Encounter-23fd3c7e-03fb-4391-af3a-9178be31651f.json	694	1	0	0	0	0	0	0	0	0	0	0	0	0	0	0	0	0	0	0	26	74	0	0	0	0	0	0
fsh-generated/resources/Encounter-b8256177-8c41-46c6-a35e-94eb3dcfdf94.json	694	0	0	0	0	0	0	0	0	0	0	0	0	0	0	0	0	0	0	0	26	61	0	0	0	0	0	0
fsh-generated/resources/Medication-4858b0cf-837d-44fd-89a4-49538e44a9c1.json	1229	1	0	0	0	0	0	0	0	0	0	0	0	0	0	0	0	0	0	0	25	60	0	0	0	0	0	0
fsh-generated/resources/Medication-7f88fa28-c2c0-47ce-a0a9-043a54a23f5e.json	2630	2	0	0	0	0	0	0	0	0	0	0	0	0	0	0	0	0	0	0	29	72	0	0	0	0	0	0
fsh-generated/resources/MedicationKnowledge-1f2be22d-79f1-4469-8c12-55295bb3e950.json	232	1	0	0	0	0	0	0	0	0	0	0	0	0	0	0	0	0	0	0	24	55	0	0	0	0	0	0
fsh-generated/resources/MedicationKnowledge-d07718e0-8ac6-43e6-afc6-a662f8ef107a.json	232	0	0	0	0	0	0	0	0	0	0	0	0	0	0	0	0	0	0	0	21	52	0	0	0	0	0	0
fsh-generated/resources/MedicationStatement-5af292a5-0972-4937-a005-ac480aeb60ba.json	3996	1	0	0	0	0	0	0	1	0	0	0	0	0	0	0	0	0	0	0	35	80	0	0	0	0	0	1
fsh-generated/resources/MedicationStatement-6806ffd0-9535-453d-a1fe-228f3d786b9f.json	435	1	0	0	0	0	0	0	0	0	0	0	0	0	0	0	0	0	0	0	26	58	0	0	0	0	0	0
fsh-generated/resources/Observation-014ec6b1-2352-448e-ab16-b456f1842fbd.json	1078	0	0	0	0	0	0	0	0	0	0	0	0	0	0	0	0	0	0	0	26	62	0	0	0	0	0	0
fsh-generated/resources/Observation-0271969e-1ac2-4440-88ff-e3659f0f2861.json	1110	1	0	0	0	0	0	0	0	0	0	0	0	0	0	0	0	0	0	0	27	58	0	0	0	0	0	0
fsh-generated/resources/Observation-1b7000ea-84b8-42cd-9fbd-64d292fee395.json	1598	0	0	0	0	0	0	0	0	0	0	0	0	0	0	0	0	0	0	0	31	53	0	0	0	0	0	0
fsh-generated/resources/Observation-1f028f64-5409-4e39-bb48-9dd98013cafb.json	490	1	0	0	0	0	0	0	0	0	0	0	0	0	0	0	0	0	0	0	24	49	0	0	0	0	0	0
fsh-generated/resources/Observation-21a4f872-d221-4196-83ca-e19d0c979513.json	1069	0	0	0	0	0	0	0	0	0	0	0	0	0	0	0	0	0	0	0	27	54	0	0	0	0	0	0
fsh-generated/resources/Observation-2336103a-c86d-40fa-8376-9ec1c47532ee.json	1129	0	0	0	0	0	0	0	0	0	0	0	0	0	0	0	0	0	0	0	31	53	0	0	0	0	0	0
fsh-generated/resources/Observation-2668aa27-255b-4da1-90d0-d5e0beb087ae.json	1093	1	0	0	0	0	0	0	0	0	0	0	0	0	0	0	0	0	0	0	27	57	0	0	0	0	0	0
fsh-generated/resources/Observation-4391d2b4-a2be-4c19-a3a6-0d799bb1427e.json	1092	0	0	0	0	0	0	0	0	0	0	0	0	0	0	0	0	0	0	0	25	54	0	0	0	0	0	0
fsh-generated/resources/Observation-49788959-8d60-4988-9069-0ba6a773e7fb.json	1131	1	0	0	0	0	0	0	0	0	0	0	0	0	0	0	0	0	0	0	26	60	0	0	0	0	0	0
fsh-generated/resources/Observation-4b30f538-8da8-4fb6-87c2-b4735aead90b.json	1092	0	0	0	0	0	0	0	0	0	0	0	0	0	0	0	0	0	0	0	25	62	0	0	0	0	0	0
fsh-generated/resources/Observation-4e2824ac-4134-442b-b5e8-2260974baa64.json	1067	1	0	0	0	0	0	0	0	0	0	0	0	0	0	0	0	0	0	0	25	50	0	0	0	0	0	0
fsh-generated/resources/Observation-50157a4b-98c9-4f66-87b5-fb827c3ed8f6.json	1067	0	0	0	0	0	0	0	0	0	0	0	0	0	0	0	0	0	0	0	26	51	0	0	0	0	0	0
fsh-generated/resources/Observation-611cd0f1-482d-4246-a9ea-329d925749c4.json	1678	0	0	0	0	0	0	0	1	0	0	0	0	0	0	0	0	0	0	0	29	51	0	0	0	0	0	0
fsh-generated/resources/Observation-6352e4f6-6b9a-4e2a-bdd4-80fbaae601c6.json	1067	1	0	0	0	0	0	0	0	0	0	0	0	0	0	0	0	0	0	0	26	49	0	0	0	0	0	0
fsh-generated/resources/Observation-71833996-94af-4c00-affd-ec4dd3870cd1.json	2257	0	0	0	0	0	0	0	0	0	0	0	0	0	0	0	0	0	0	0	28	61	0	0	0	0	0	0
fsh-generated/resources/Observation-9b427ed9-7ffe-4081-9ab5-e9a37336815c.json	2396	1	0	0	0	0	0	0	0	0	0	0	0	0	0	0	0	0	0	0	33	60	0	0	0	0	0	0
fsh-generated/resources/Observation-b981d772-45c4-4299-a581-ee6d5705397b.json	1232	0	0	0	0	0	0	0	0	0	0	0	0	0	0	0	0	0	0	0	28	58	0	0	0	0	0	0
fsh-generated/resources/Observation-c39f152b-c068-4707-b8c1-beb23de255a1.json	2257	1	0	0	0	0	0	0	0	0	0	0	0	0	0	0	0	0	0	0	33	58	0	0	0	0	0	0
fsh-generated/resources/Observation-c9852d64-43c6-4660-a9a0-7be6324853fe.json	1358	1	0	0	0	0	0	0	1	0	0	0	0	0	0	0	0	0	0	0	31	54	0	0	0	0	0	0
fsh-generated/resources/Observation-d70f568e-e758-4793-9fd9-7293de309c10.json	490	0	0	0	0	0	0	0	0	0	0	0	0	0	0	0	0	0	0	0	28	52	0	0	0	0	0	0
fsh-generated/resources/Observation-d85ec119-de39-4a3b-b439-68d294b44536.json	1129	0	0	0	0	0	0	0	0	0	0	0	0	0	0	0	0	0	0	0	29	50	0	0	0	0	0	0
fsh-generated/resources/Observation-f2fe0985-69d7-4b45-a9bf-589192639845.json	1361	1	0	0	0	0	0	0	0	0	0	0	0	0	0	0	0	0	0	0	29	49	0	0	0	0	0	0
fsh-generated/resources/Observation-fafb4053-2267-4a53-8bf3-b808fb705277.json	1067	0	0	0	0	0	0	0	0	0	0	0	0	0	0	0	0	0	0	0	24	52	0	0	0	0	0	0
fsh-generated/resources/Observation-fccf147d-6bf7-49a5-a7f8-e516af80060d.json	1556	1	0	0	0	0	0	0	0	0	0	0	0	0	0	0	0	0	0	0	27	50	0	0	1	0	0	0
fsh-generated/resources/Organization-63597e7c-563b-40ed-bab5-daa9ed80529a.json	240	0	0	0	0	0	0	0	0	0	0	0	0	0	0	0	0	0	0	0	23	47	0	0	0	0	0	0
fsh-generated/resources/Organization-OrganizationPraxisAlessaCosta.json	778	0	0	0	0	0	0	0	0	0	0	0	0	0	0	0	0	0	0	0	25	46	0	0	0	0	0	0
fsh-generated/resources/Organization-OrganizationPraxisMinnaKuehn.json	1248	1	0	0	0	0	0	0	0	0	0	0	0	0	0	0	0	0	0	0	26	47	0	0	0	0	0	0
fsh-generated/resources/Organization-b65dfcca-c6ce-4dac-8742-8da00c192c7f.json	3096	0	0	0	0	0	0	0	0	0	0	0	0	0	0	0	0	1	0	0	32	54	0	0	0	0	0	0
fsh-generated/resources/Patient-PatientIsoldeMeinhardt.json	2198	1	0	0	0	0	0	0	0	0	0	0	0	0	0	0	0	0	0	0	26	55	0	0	0	0	0	0
fsh-generated/resources/Patient-b65dfcca-c6ce-4dac-8742-8da00c192c7d.json	4960	1	0	0	0	0	0	0	1	0	0	0	0	0	0	0	0	0	0	0	34	61	0	0	0	0	0	0
fsh-generated/resources/Patient-fc3e742e-c891-4b31-9e54-97dfbfbd3452.json	978	0	0	0	0	0	0	0	0	0	0	0	0	0	0	0	0	0	0	0	25	46	0	0	0	0	0	0
fsh-generated/resources/Practitioner-2b946366-cf18-4d89-a29c-00bf69ac90f6.json	2871	0	0	0	0	0	0	0	0	0	0	0	0	0	0	0	0	0	0	0	28	48	0	0	0	0	0	0
fsh-generated/resources/Practitioner-6c5782a3-f6d6-49c8-837a-d0b1c3e77ac8.json	1616	1	0	0	0	0	0	0	0	0	0	0	0	0	0	0	0	0	0	0	26	47	0	0	0	0	0	0
fsh-generated/resources/Practitioner-PractitionerMinnaKuehn.json	1147	0	0	0	0	0	0	0	0	0	0	0	0	0	0	0	0	0	0	0	25	45	0	0	0	0	0	0
fsh-generated/resources/PractitionerRole-2033a62c-4a46-4d01-a897-e6a0f6137058.json	676	1	0	0	0	0	0	0	0	0	0	0	0	0	0	0	0	0	0	0	25	50	0	0	0	0	0	0
fsh-generated/resources/PractitionerRole-PractitionerRoleMinnaKuehn.json	644	0	0	0	0	0	0	0	0	0	0	0	0	0	0	0	0	0	0	0	26	47	0	0	0	0	0	0
fsh-generated/resources/PractitionerRole-a424d6c6-de52-443e-a9b2-5240d3b9401a.json	676	0	0	0	0	0	0	0	0	0	0	0	0	0	0	0	0	0	0	0	24	50	0	0	0	0	0	0
fsh-generated/resources/ServiceRequest-5b57f38a-af6c-4093-84e7-2047e4ee524c.json	880	1	0	0	0	0	0	0	0	0	0	0	0	0	0	0	0	0	0	0	25	59	0	0	0	0	0	0
fsh-generated/resources/ServiceRequest-a3e6ff44-7046-4040-8195-ddc352ec4a36.json	881	0	0	0	0	0	0	0	0	0	0	0	0	0	0	0	0	0	0	0	26	54	0	0	0	0	0	0
fsh-generated/resources/StructureDefinition-KBV-EX-WEST-Adressbuch-Anrede.json	4804	1	0	7	1	0	0	0	1	239	0	0	0	0	1	0	0	0	0	0	103	6975	0	0	0	2	0	0
fsh-generated/resources/StructureDefinition-KBV-EX-WEST-Adressbuch-Schlusssatz.json	4854	0	0	5	0	0	0	0	0	5	0	0	0	0	0	0	0	0	0	0	102	485	0	0	0	1	0	0
fsh-generated/resources/StructureDefinition-KBV-EX-WEST-Begegnung-Spezielle-Begegnungsinformationen.json	8494	1	0	14	0	0	0	0	0	202	0	0	1	0	1	0	0	0	0	0	253	582	0	0	0	2	0	0
fsh-generated/resources/StructureDefinition-KBV-EX-WEST-Betriebsstaette-Hierarchie.json	5414	1	0	5	0	0	0	0	0	6	0	0	0	0	0	0	0	0	0	0	105	462	0	0	0	1	0	0
fsh-generated/resources/StructureDefinition-KBV-EX-WEST-Diagnose-istDauerdiagnose.json	4830	0	0	3	0	0	0	0	0	3	0	0	0	0	0	0	0	0	0	0	102	472	0	0	0	1	0	0
fsh-generated/resources/StructureDefinition-KBV-EX-WEST-MedicationKnowledge-Alternativen.json	7202	1	0	10	0	0	0	0	0	55	0	0	0	0	1	0	0	1	0	0	223	531	0	0	0	3	0	1
fsh-generated/resources/StructureDefinition-KBV-EX-WEST-MedicationKnowledge-Gegenanzeige.json	6128	1	0	7	0	0	0	0	0	71	0	0	0	0	0	0	0	0	0	0	185	819	0	0	0	2	0	0
fsh-generated/resources/StructureDefinition-KBV-EX-WEST-MedicationKnowledge-Nebenwirkungen.json	4738	0	0	4	0	0	0	0	0	4	0	0	0	0	1	0	0	0	0	0	99	578	0	0	0	1	0	0
fsh-generated/resources/StructureDefinition-KBV-EX-WEST-MedicationKnowledge-Wechselwirkungen.json	14064	2	0	18	0	0	0	0	0	116	0	0	0	0	0	0	0	0	0	0	492	1164	0	0	0	5	0	0
fsh-generated/resources/StructureDefinition-KBV-EX-WEST-Organization-Strasse-und-Hausnummer.json	4965	0	0	13	0	0	0	0	0	4	0	0	0	0	1	0	0	1	0	0	106	599	0	0	0	1	0	0
fsh-generated/resources/StructureDefinition-KBV-EX-WEST-Patient-Aktuelle-Taetigkeit.json	8802	1	0	12	0	0	0	0	0	12	0	0	0	0	0	0	0	0	0	0	272	605	0	0	0	3	0	0
fsh-generated/resources/StructureDefinition-KBV-EX-WEST-Patient-Postleitzahl-und-Ort.json	4911	1	0	4	0	0	0	0	0	4	0	0	0	0	1	0	0	0	0	0	100	653	0	0	0	1	0	1
fsh-generated/resources/StructureDefinition-KBV-EX-WEST-Patient-Vsdm-Zusatzinformationen.json	11361	1	0	14	0	0	0	0	0	17	0	0	0	0	0	0	0	1	0	0	360	654	0	0	0	4	0	0
fsh-generated/resources/StructureDefinition-KBV-EX-WEST-istAbrechnungsrelevant.json	5248	0	0	5	0	0	0	0	0	4	0	0	0	0	1	0	0	0	0	0	99	405	0	0	0	1	0	0
fsh-generated/resources/StructureDefinition-KBV-PR-WEST-Betriebsstaette.json	21117	3	0	131	0	0	0	0	0	578	0	0	1	0	0	0	0	3	0	0	1725	1955	0	1	0	26	1	2
fsh-generated/resources/StructureDefinition-KBV-PR-WEST-Condition.json	30145	2	0	93	0	0	0	0	0	328	0	0	0	0	1	0	0	3	0	0	1898	1892	0	0	0	26	0	2
fsh-generated/resources/StructureDefinition-KBV-PR-WEST-Encounter.json	18781	2	0	79	0	0	0	0	0	105	0	0	0	0	1	0	0	1	0	0	1222	1168	0	0	0	17	0	2
fsh-generated/resources/StructureDefinition-KBV-PR-WEST-Medication.json	24353	3	0	58	0	0	0	0	0	266	0	0	1	0	0	0	0	2	0	0	1345	1357	0	0	0	17	1	1
fsh-generated/resources/StructureDefinition-KBV-PR-WEST-MedicationKnowledge.json	27479	2	0	63	0	0	0	0	1	460	0	0	0	0	1	0	0	2	0	0	1737	1935	0	0	0	22	0	2
fsh-generated/resources/StructureDefinition-KBV-PR-WEST-MedicationStatement.json	55078	4	0	81	0	0	0	0	0	841	0	0	1	0	0	0	0	3	0	0	2486	2741	0	0	0	32	0	2
fsh-generated/resources/StructureDefinition-KBV-PR-WEST-Observation-Abdominal-Circumference.json	15019	1	0	71	0	0	0	0	0	43	0	0	0	0	1	0	0	1	0	0	910	979	0	0	0	13	1	1
fsh-generated/resources/StructureDefinition-KBV-PR-WEST-Observation-Anamnese.json	14906	2	0	30	0	0	0	0	0	34	0	0	0	0	0	0	0	1	0	0	813	752	0	0	0	12	0	1
fsh-generated/resources/StructureDefinition-KBV-PR-WEST-Observation-Blood-Pressure.json	33558	4	0	102	0	0	0	0	0	553	0	0	0	0	0	0	0	2	0	0	2027	1726	0	0	0	29	0	2
fsh-generated/resources/StructureDefinition-KBV-PR-WEST-Observation-Body-Height.json	18418	3	0	56	0	0	0	0	0	37	0	0	1	0	1	0	0	2	0	0	1172	850	0	0	0	16	0	1
fsh-generated/resources/StructureDefinition-KBV-PR-WEST-Observation-Body-Temperature.json	17251	2	0	56	0	0	0	0	0	42	0	0	0	0	1	0	0	1	0	0	1085	805	0	0	0	16	1	2
fsh-generated/resources/StructureDefinition-KBV-PR-WEST-Observation-Body-Weight.json	18680	2	0	45	0	0	0	0	0	37	0	0	0	0	0	0	0	2	0	0	1175	886	0	0	0	17	0	1
fsh-generated/resources/StructureDefinition-KBV-PR-WEST-Observation-Glucose-Concentration.json	26060	3	0	42	0	0	0	0	0	97	0	0	0	0	0	0	0	1	0	0	1376	1164	0	1	0	20	0	1
fsh-generated/resources/StructureDefinition-KBV-PR-WEST-Observation-Head-Circumference.json	17440	2	0	37	0	0	0	0	1	33	0	0	0	0	1	0	0	2	0	0	1060	799	0	0	0	17	1	2
fsh-generated/resources/StructureDefinition-KBV-PR-WEST-Observation-Heart-Rate.json	17145	2	0	57	0	0	0	0	0	34	0	0	1	0	0	0	0	1	0	0	1057	801	0	0	0	16	0	1
fsh-generated/resources/StructureDefinition-KBV-PR-WEST-Observation-Hip-Circumference.json	14955	1	0	37	0	0	0	0	0	37	0	0	0	0	1	0	0	1	0	0	924	731	0	0	0	13	0	1
fsh-generated/resources/StructureDefinition-KBV-PR-WEST-Observation-Peripheral-Oxygen-Saturation.json	29850	3	0	57	0	0	0	0	0	66	0	0	0	0	0	0	0	2	0	0	1857	1269	0	0	0	25	0	2
fsh-generated/resources/StructureDefinition-KBV-PR-WEST-Observation-Respiratory-Rate.json	18606	2	0	39	1	0	0	0	0	36	0	0	0	0	1	0	0	1	0	0	1072	801	0	0	0	17	1	1
fsh-generated/resources/StructureDefinition-KBV-PR-WEST-Organization.json	29091	14	0	79	0	0	0	0	0	65	0	0	1	0	0	0	0	4	0	0	2020	1148	0	0	0	29	0	3
fsh-generated/resources/StructureDefinition-KBV-PR-WEST-Patient.json	39968	4	0	135	0	0	1	0	0	473	0	0	1	0	1	0	0	4	0	0	2658	2375	0	0	0	38	0	3
fsh-generated/resources/StructureDefinition-KBV-PR-WEST-Practitioner.json	22681	2	0	108	0	0	0	0	0	134	0	0	0	0	0	0	0	3	0	0	1810	1425	0	0	0	27	0	3
fsh-generated/resources/StructureDefinition-KBV-PR-WEST-PractitionerRole.json	10868	1	0	26	0	0	0	0	0	27	0	0	0	0	1	0	0	0	0	0	605	612	0	0	0	8	0	0
fsh-generated/resources/StructureDefinition-KBV-PR-WEST-ServiceRequest.json	27786	4	0	40	0	0	0	0	0	146	0	0	0	0	0	0	0	2	0	0	1386	1227	0	0	0	19	0	2
input/vocabulary/KBV_CS_WEST_BDT_Betriebsstaettenstatus.json	2918	0	0	0	0	0	0	0	1	5	0	0	1	0	1	0	0	0	0	0	47	121	0	0	0	1	0	0
input/vocabulary/KBV_CS_WEST_Diagnoseart.json	867	0	0	0	0	0	0	0	0	1	0	0	0	0	0	0	0	0	0	0	41	100	0	0	0	0	0	0
input/vocabulary/KBV_CS_WEST_Diagnosekategorie.json	866	1	0	0	0	0	0	0	0	1	0	0	0	0	1	0	0	0	0	0	37	105	0	0	0	0	0	0
input/vocabulary/KBV_CS_WEST_Identifier.json	2590	0	0	0	0	0	0	0	0	1	0	0	0	0	0	0	0	0	0	0	40	98	0	0	0	1	0	0
input/vocabulary/KBV_CS_WEST_Leistungsart.json	2865	1	0	0	0	0	0	0	0	3	0	0	0	0	1	0	0	0	0	0	44	102	0	0	0	0	0	0
input/vocabulary/KBV_CS_WEST_Preistyp_Code.json	2611	0	0	0	0	0	0	0	0	1	0	0	0	0	0	0	0	0	0	0	42	95	0	0	0	0	0	0
input/vocabulary/KBV_VS_WEST_BDT_Betriebsstaettenstatus.json	3239	0	0	0	0	0	0	0	0	351	0	0	0	0	1	0	0	0	0	0	46	131	0	0	0	0	0	0
input/vocabulary/KBV_VS_WEST_Diagnoseart.json	739	1	0	0	0	0	0	0	0	2	0	0	0	0	0	0	0	0	0	0	36	102	0	0	0	1	0	0
input/vocabulary/KBV_VS_WEST_Diagnosekategorie.json	890	0	0	0	0	0	0	0	0	1	0	0	0	0	1	0	0	0	0	0	37	110	0	0	0	0	0	0
input/vocabulary/KBV_VS_WEST_Patient_VSDM_Gender.json	3106	1	0	0	0	0	0	0	0	52	0	0	0	0	0	0	0	0	0	0	44	113	0	0	0	0	0	0
input/vocabulary/KBV_VS_WEST_Preistyp_Code.json	2796	0	0	0	0	0	0	0	0	2	0	0	0	0	1	0	0	0	0	0	45	103	0	0	0	0	0	0
input/vocabulary/KBV_VS_West_Leistungsart.json	3126	0	0	0	0	0	0	0	1	2	0	0	0	0	0	0	0	0	0	0	47	101	0	0	0	1	0	0
\fsh-generated\includes\fsh-link-references.md	9217	-	-	-	0	0	0	0	0	0	0	0	0	0	0	0	0	0	0	0	0	3	0	0	0	0	0	0
\fsh-generated\includes\menu.xml	2519	-	-	-	0	0	0	0	0	0	0	0	0	0	0	0	0	0	0	0	0	2	0	0	0	0	0	0
\input\pagecontent\Arbeitsmodus.md	6234	-	-	-	0	0	0	0	0	0	0	0	0	0	0	0	0	0	0	0	0	2	0	0	0	0	0	0
\input\pagecontent\Arbeitspaket_1_-_abgeschlossen.md	18645	-	-	-	0	0	0	0	0	0	0	0	0	0	0	0	0	0	0	0	0	2	0	0	0	0	0	0
\input\pagecontent\Arbeitspaket_2.md	586	-	-	-	0	0	0	0	0	0	0	0	0	0	0	0	0	0	0	0	0	2	0	0	0	0	0	0
\input\pagecontent\Arbeitspaket_2_-_abgeschlossen.md	41558	-	-	-	0	0	0	0	0	0	0	0	0	0	0	0	0	0	0	0	0	3	0	0	0	0	0	0
\input\pagecontent\Beschreibung_Datenmodell.md	5481	-	-	-	0	0	0	0	0	0	0	0	0	0	0	0	0	0	0	0	0	1	0	0	0	0	0	0
\input\pagecontent\Best_Practices_im_Wechselprozess.md	9016	-	-	-	0	0	0	0	0	0	0	0	0	0	0	0	0	0	0	0	0	2	0	0	0	0	0	0
\input\pagecontent\Grundlagen.md	893	-	-	-	0	0	0	0	0	0	0	0	0	0	0	0	0	0	0	0	0	2	0	0	0	0	0	0
\input\pagecontent\Hintergrundinformationen.md	7336	-	-	-	0	0	0	0	0	0	0	0	0	0	0	0	0	0	0	0	0	1	0	0	0	0	0	0
\input\pagecontent\index.md	4756	-	-	-	0	0	0	0	0	0	0	0	0	0	0	0	0	0	0	0	0	2	0	0	0	0	0	0
\input\pagecontent\infomodell.md	11175	-	-	-	0	0	0	0	0	0	0	0	0	0	0	0	0	0	0	0	0	2	0	0	0	0	0	0
\input\pagecontent\Kommentierung_der_Arbeitspakete.md	930	-	-	-	0	0	0	0	0	0	0	0	0	0	0	0	0	0	0	0	0	2	0	0	0	0	0	0
\input\pagecontent\Pilotphase.md	2162	-	-	-	0	0	0	0	0	0	0	0	0	0	0	0	0	0	0	0	0	1	0	0	0	0	0	0
\input\pagecontent\west_operationalisations.md	39659	-	-	-	0	0	0	0	0	0	0	0	0	0	0	0	0	0	0	0	0	3	0	0	0	0	0	0
\input\pagecontent\west_requirements.md	3216	-	-	-	0	0	0	0	0	0	0	0	0	0	0	0	0	0	0	0	0	2	0	0	0	0	0	0
\input\pagecontent\west_scenario_Abrechnungen_und_Abrechnungsnachweise.md	33569	-	-	-	0	0	0	0	0	0	0	0	0	0	0	0	0	0	0	0	0	2	0	0	0	0	0	0
\input\pagecontent\west_scenario_Administrative_Patientendaten.md	6094	-	-	-	0	0	0	0	0	0	0	0	0	0	0	0	0	0	0	0	0	2	0	0	0	0	0	0
\input\pagecontent\west_scenario_Arbeitspaket_1.md	19863	-	-	-	0	0	0	0	0	0	0	0	0	0	0	0	0	0	0	0	0	2	0	0	0	0	0	0
\input\pagecontent\west_scenario_Arbeitspaket_2.md	84292	-	-	-	0	0	0	0	0	0	0	0	0	0	0	0	0	0	0	0	0	3	0	0	0	0	0	0
\input\pagecontent\west_scenario_Arbeitspaket_3.md	23622	-	-	-	0	0	0	0	0	0	0	0	0	0	0	0	0	0	0	0	0	1	0	0	0	0	0	0
\input\pagecontent\west_scenario_Arbeitspaket_4.md	50076	-	-	-	0	0	0	0	0	0	0	0	0	0	0	0	0	0	0	0	0	3	0	0	0	0	0	0
\input\pagecontent\west_scenario_Auftraege_Verordnungen_Leistugnsanfragen_Leistungsgenehmigungen.md	12050	-	-	-	0	0	0	0	0	0	0	0	0	0	0	0	0	0	0	0	0	1	0	0	0	0	0	0
\input\pagecontent\west_scenario_Basis-Kardinalitäten.md	178284	-	-	-	0	0	0	0	0	0	0	0	0	0	0	0	0	0	0	0	0	3	0	0	0	0	0	0
\input\pagecontent\west_scenario_Behandlungskontakte.md	1799	-	-	-	0	0	0	0	0	0	0	0	0	0	0	0	0	0	0	0	0	2	0	0	0	0	0	0
\input\pagecontent\west_scenario_Behandlung_im_Auftrag_Ueberweisung.md	4142	-	-	-	0	0	0	0	0	0	0	0	0	0	0	0	0	0	0	0	0	2	0	0	0	0	0	0
\input\pagecontent\west_scenario_Diagnosen_Messwerte_und_Befunde.md	10581	-	-	-	0	0	0	0	0	0	0	0	0	0	0	0	0	0	0	0	0	2	0	0	0	0	0	0
\input\pagecontent\west_scenario_Geraete_Heilmittel_Hilfsmittel_Materialien.md	2927	-	-	-	0	0	0	0	0	0	0	0	0	0	0	0	0	0	0	0	0	1	0	0	0	0	0	0
\input\pagecontent\west_scenario_Laboruntersuchungen_und_Befunde.md	2012	-	-	-	0	0	0	0	0	0	0	0	0	0	0	0	0	0	0	0	0	2	0	0	0	0	0	0
\input\pagecontent\west_scenario_Medikation_und_Arzneimittel.md	20389	-	-	-	0	0	0	0	0	0	0	0	0	0	0	0	0	0	0	0	0	1	0	0	0	0	0	0
\input\pagecontent\west_scenario_Patientenakte.md	121	-	-	-	0	0	0	0	0	0	0	0	0	0	0	0	0	0	0	0	0	2	0	0	0	0	0	0
\input\pagecontent\west_scenario_Personen_Orte_und_Einrichtungen.md	7170	-	-	-	0	0	0	0	0	0	0	0	0	0	0	0	0	0	0	0	0	2	0	0	0	0	0	0
\input\pagecontent\west_scenario_Technik_und_Datenaustausch.md	5441	-	-	-	0	0	0	0	0	0	0	0	0	0	0	0	0	0	0	0	0	2	0	0	0	0	0	0
\input\pagecontent\west_scenario_Versorgung_und_Massnahmen.md	7029	-	-	-	0	0	0	0	0	0	0	0	0	0	0	0	0	0	0	0	0	1	0	0	0	0	0	0
\input\pagecontent\Ziele_und_Nutzen.md	8566	-	-	-	0	0	0	0	0	0	0	0	0	0	0	0	0	0	0	0	0	2	0	0	0	0	0	0
\template\config	0	-	-	-	0	0	0	0	0	0	0	0	0	0	0	0	0	0	0	0	0	1	0	0	0	0	0	0
\template\config\_config.yml	31	-	-	-	0	0	0	0	0	0	0	0	0	0	0	0	0	0	0	0	0	1	0	0	0	0	0	0
\input\images	0	-	-	-	0	0	0	0	0	0	0	0	0	0	0	0	0	0	0	0	0	0	0	0	0	0	0	0
\input\images\Arbeitsmodus_image-2025-10-14_11-19-45_version_1.png	1373501	-	-	-	0	0	0	0	0	0	0	0	0	0	0	0	0	0	0	0	0	2	0	0	0	0	0	0
\input\images\Arbeitspaket_1_-_abgeschlossen_image-2026-1-15_10-59-51-1_version_1.png	47755	-	-	-	0	0	0	0	0	0	0	0	0	0	0	0	0	0	0	0	0	2	0	0	0	0	0	0
\input\images\Arbeitspaket_1_-_abgeschlossen_image-2026-1-15_11-0-1-1_version_1.png	145404	-	-	-	0	0	0	0	0	0	0	0	0	0	0	0	0	0	0	0	0	2	0	0	0	0	0	0
\input\images\Arbeitspaket_1_-_abgeschlossen_image-2026-3-2_14-31-9_version_1.png	113245	-	-	-	0	0	0	0	0	0	0	0	0	0	0	0	0	0	0	0	0	2	0	0	0	0	0	0
\input\images\Arbeitspaket_1_-_abgeschlossen_image-2026-3-2_14-4-55_version_1.png	37242	-	-	-	0	0	0	0	0	0	0	0	0	0	0	0	0	0	0	0	0	1	0	0	0	0	0	0
\input\images\Arbeitspaket_2_-_abgeschlossen_image-2026-3-5_15-45-6-1_version_1.png	26339	-	-	-	0	0	0	0	0	0	0	0	0	0	0	0	0	0	0	0	0	2	0	0	0	0	0	0
\input\images\Arbeitspaket_2_AP2-Kommentierungsprotokoll_version_4.xlsx	135735	-	-	-	0	0	0	0	0	0	0	0	0	0	0	0	0	0	0	0	0	2	0	0	0	0	0	0
\input\images\Arbeitspaket_2_image-2026-3-5_15-45-6-1_version_1.png	26339	-	-	-	0	0	0	0	0	0	0	0	0	0	0	0	0	0	0	0	0	1	0	0	0	0	0	0
\input\images\infomodell-treeview.js	2671	-	-	-	0	0	0	0	0	0	0	0	0	0	0	0	0	0	0	0	0	2	0	0	0	0	0	0
\input\images\infomodell_js_treeview_west.json	3739717	-	-	-	0	0	0	0	0	0	0	0	0	0	0	0	0	0	0	0	0	5	0	0	0	0	0	0
\input\images\Kommentierung_der_Arbeitspakete_image-2026-1-15_11-2-56-1_version_1.png	131411	-	-	-	0	0	0	0	0	0	0	0	0	0	0	0	0	0	0	0	0	1	0	0	0	0	0	0
\input\images\Pilotphase_image-2026-1-15_11-2-56-1_version_1.png	131411	-	-	-	0	0	0	0	0	0	0	0	0	0	0	0	0	0	0	0	0	2	0	0	0	0	0	0
\temp\pages\_includes\artifacts.xml	46857	-	-	-	-	-	-	-	-	-	-	-	-	-	-	-	-	-	-	-	-	2	0	0	0	0	0	0
